1,low season,12.07,5.07
2,low season,29.00,7.45
3,low season,63.05,7.35
4,low season,25.78,8.63
5,low season,64.24,6.58
6,low season,28.69,9.58
7,high season,25.38,8.34
8,high season,19.00,5.13
9,high season,10.12,9.41
10,low season,78.57,7.61
11,high season,55.48,7.76
12,low season,49.93,6.43
13,low season,23.62,6.58
14,low season,67.61,8.04
15,low season,31.22,7.45
16,low season,87.43,9.68
17,low season,99.15,5.43
18,low season,90.50,6.54
19,low season,10.04,8.68
20,high season,39.02,5.29
